longitude,latitude,profile_id
degrees_east,degrees_north,
-81.08456953882859,31.07554496228739,1768608083
-81.0846959962544,31.075004524615817,1768608663
-81.08479269899176,31.07459124874933,1768608754
-81.08482405406757,31.074457247412067,1768609265
-81.08491151338633,31.07408347489308,1768609338
-81.0849443334616,31.07394321262731,1768609827
-81.08506128818814,31.07344338638388,1768610361
-81.08508714642927,31.07333287671994,1768610434
-81.0851886856659,31.0728989312377,1768610955
-81.08520129666744,31.07284503594243,1768611028
-81.08102820107983,31.073741419837184,1768613343
-81.07938065356169,31.074016525755805,1768613435
-81.07892790826521,31.07409212473509,1768613937
-81.07740508492277,31.074346404329393,1768613992
-81.0767174520436,31.074461224613987,1768614540
-81.07489442534059,31.07476563188011,1768614595
-81.07439214804721,31.07484950166515,1768615168
-81.07278755018164,31.075117435891613,1768615241
-81.07225010984331,31.075207177168483,1768615764
-81.07054692824704,31.075491572812588,1768615837
-81.07012230646382,31.075562475754364,1768616349
-81.06848484735467,31.07583589712004,1768616421
-81.06796430708447,31.075922816439594,1768616933
-81.06629795706382,31.076201061982218,1768617023
-81.06569289639289,31.076302094437956,1768617561
-81.06394681562215,31.07659365334544,1768617634
-81.06352958383287,31.07666332231305,1768618168
-81.06176517046485,31.076957942380204,1768618223
-81.06124966974467,31.07704402020049,1768618775
-81.0594146898274,31.077350423402965,1768618866
-81.05897419772933,31.07742397635483,1768619422
-81.05723694341506,31.077714061429003,1768619476
-81.05656478279484,31.077826298170493,1768620073
-81.05488619845593,31.078106586587953,1768620146
-81.05416814026208,31.07822648726266,1768620732
-81.05226547642293,31.078544192262086,1768620805
-81.05156756620244,31.078660728647353,1768621437
-81.04950038702188,31.07900590426212,1768621528
-81.04894209922797,31.079099126627312,1768622158
-81.04731387761126,31.079371005525278,1768622249
-81.04675680129175,31.07946402559962,1768622774
-81.04511427273907,31.07973829345616,1768622865
-81.04460522272682,31.07982329414337,1768623365
-81.04270684231507,31.080140283900157,1768623456
-81.04222659366485,31.080220475363305,1768624020
-81.04051605236148,31.08050609992431,1768624092
-81.03985214707407,31.080616958198174,1768624672
-81.0380460983197,31.08091853050258,1768624745
-81.03732466530427,31.081038994701785,1768625358
-81.03387988782227,31.08404904410572,1768627731
-81.03391785705637,31.08424023823937,1768627804
-81.03418753007946,31.085598177140298,1768627877
-81.03431971706394,31.086263804893424,1768628477
-81.03460818093075,31.087716365115398,1768628550
-81.03472416329927,31.088300394501193,1768629140
-81.03504010086264,31.089891298562243,1768629231
-81.03514598368015,31.090424471644173,1768629846
-81.03553981975028,31.092407633749524,1768630504
-81.03559360002522,31.09267844440241,1768630594
-81.03597967741202,31.09462253764661,1768630685
-81.03607424050954,31.095098710261905,1768631408
-81.03639678953209,31.096722906335387,1768631499
-81.03647810886979,31.09713238997892,1768632088
-81.03677345039728,31.098619582671205,1768632161
-81.03689148848531,31.099213963635595,1768632771
-81.03722936256526,31.10091532905789,1768632862
-81.03734268576112,31.101485968175894,1768633527
-81.03770720522135,31.10332150644928,1768633618
-81.03780022261067,31.103789895648884,1768634287
-81.03813154134288,31.10545825160802,1768634396
-81.03821783374006,31.10589277709989,1768635004
-81.03856776799093,31.107654871530283,1768635077
-81.03865976535754,31.108118124404086,1768635727
-81.03899276539285,31.10979494656745,1768635836
-81.03907505101346,31.110209295929945,1768636439
-81.0393351723042,31.111519137068754,1768636512
-81.03946299465252,31.11216278669021,1768637080
-81.03978461528567,31.11378230785723,1768637171
-81.0398626,31.114175,1768637765
-81.04019242542564,31.11583583641179,1768637837
-81.04027810733257,31.11626728777904,1768638446
-81.04062076261823,31.117992728969607,1768638537
-81.0407441600454,31.11861409689403,1768639171
-81.04107738813036,31.12029206740176,1768639791
-81.04112461283893,31.120529867490646,1768639864
-81.0420853034513,31.127512686458253,1768642028
-81.04194833324196,31.127723103528744,1768642101
-81.04089984124374,31.129333823230432,1768642192
-81.04063703740522,31.129737549077745,1768642847
-81.03962149093898,31.13129765702696,1768642938
-81.0393787080606,31.131670626173218,1768643576
-81.03843423158183,31.133121554625408,1768643649
-81.03814844595475,31.133560585672637,1768644279
-81.03714686237136,31.135099243491045,1768644352
-81.03688230780409,31.135505658851766,1768644994
-81.03590991414903,31.13699947437028,1768645085
-81.03568442028552,31.137345883698334,1768645688
-81.03487558360118,31.138588438896775,1768645760
-81.03445385249685,31.13923631279534,1768646382
-81.03339876431856,31.140857165714248,1768646472
-81.03315261640311,31.14123530431487,1768647132
-81.0320594690646,31.142914624670123,1768647205
-81.03173963935188,31.143405955095464,1768647938
-81.03067675247277,31.145038788574134,1768648029
-81.03040811287174,31.145451479466164,1768648692
-81.02930914152778,31.147139746804697,1768648783
-81.02899955432643,31.147615342427187,1768649479
-81.02788965065402,31.149320404282832,1768649607
-81.0274943166488,31.149927726295775,1768650357
-81.02657265522254,31.151343605692166,1768650448
-81.02634028071712,31.151700585234856,1768651027
-81.02552763475481,31.152948992341617,1768651100
-81.02515703818351,31.153518312088238,1768651699
-81.02419633272707,31.1549941719029,1768651772
-81.02395203659252,31.15536946575123,1768652389
-81.02309461150107,31.15668666367917,1768652462
-81.0227438114375,31.157225571534166,1768653070
-81.02173869860728,31.15876965107008,1768653161
-81.02147589476876,31.15917337691739,1768653794
-81.02052205883848,31.160638683593692,1768653885
-81.02015230492563,31.16120670882726,1768654546
-81.01434511359803,31.163825163808387,1768656546
-81.01400068231425,31.163780690985202,1768656619
-81.01144806053472,31.163451097529528,1768656728
-81.01082347678611,31.16337045153735,1768657402
-81.00847188754341,31.163066815318683,1768657493
-81.00789496187771,31.16299232291822,1768658117
-81.00617515652566,31.16277026237106,1768658189
-81.00515009140807,31.162637906392153,1768658784
-81.0027261949877,31.162324933900972,1768658857
-81.00215013019245,31.162250552655745,1768659512
-80.99960416976877,31.161921819311555,1768659585
-80.9989448424777,31.16183668724772,1768660281
-80.99673542746798,31.161551408506497,1768660372
-80.99613610136045,31.161474023770367,1768660966
-80.9937081677547,31.1611605299995,1768661057
-80.99314427091744,31.16108771987592,1768661708
-80.99120671581566,31.16083754357222,1768661780
-80.99026169977242,31.16071552349629,1768662393
-80.98780496559858,31.160398311008123,1768662484
-80.9871740960117,31.160316853391137,1768663144
-80.98442204172687,31.159961509293865,1768663810
-80.98409393729578,31.15991914458706,1768663901
-80.98152336636814,31.159587233544894,1768663974
-80.98089100064783,31.159505582747798,1768664669
-80.97848821039517,31.159195335476156,1768664760
-80.97786374093454,31.159114704240793,1768665407
-80.97612675973346,31.158890425955196,1768665498
-80.97521911734025,31.158773231549308,1768666060
-80.9730845380924,31.158497615570344,1768666151
-80.97226408762313,31.15839167934918,1768666768
-80.96996173363732,31.15809440036627,1768666859
-80.96931911524727,31.15801142574874,1768667483
-80.96687285400725,31.157695565521408,1768667574
-80.96625619768776,31.157615943115566,1768668226
-80.96387489357319,31.15730847012508,1768668317
-80.96331579683063,31.15723627978771,1768668958
-80.95927309283654,31.15947259771672,1768671021
-80.95927841086439,31.15970722097604,1768671112
-80.95931241341529,31.16120736154393,1768671203
-80.95932131618785,31.161600138259523,1768671840
-80.95935221327312,31.162963270430307,1768671931
-80.95936019312866,31.163315329458577,1768672508
-80.95938774020597,31.16453066439936,1768672580
-80.95940117852214,31.165123542366082,1768673192
-80.95943164228663,31.1664675570861,1768673283
-80.95943954992205,31.166816429872576,1768673850
-80.95946925584411,31.168127009743657,1768673923
-80.95947680144094,31.168459909941397,1768674486
-80.95950207780476,31.169575064474632,1768674559
-80.95951462978297,31.170128838564803,1768675127
-80.95954014736373,31.171254635220862,1768675200
-80.95955315312652,31.17182842959299,1768675773
-80.95958120898484,31.1730662111746,1768675846
-80.95959232551333,31.173556655417556,1768676427
-80.95962744896842,31.17510624856468,1768676518
-80.95963629444235,31.175496497352906,1768677169
-80.9596750641188,31.177206956211727,1768677260
-80.95968429456781,31.177614189511985,1768677981
-80.95971443793752,31.17894406890478,1768678072
-80.95972590649438,31.179450044101536,1768678687
-80.95975707276376,31.180825052264463,1768678778
-80.95976561443567,31.18120189777109,1768679360
-80.9597986223184,31.182658155099737,1768679451
-80.95980763998662,31.183056000836366,1768680071
-80.95984062489022,31.184511244360806,1768680162
-80.9598488776816,31.184875344900263,1768680778
-80.959884449379,31.186444713812573,1768681377
-80.95988912399113,31.186650950554093,1768681450
-80.95992272440724,31.188133349548366,1768681541
-80.95993338836617,31.18860382711496,1768682197
-80.95997025763849,31.190230443049234,1768682288
-80.95997897732406,31.190615142246894,1768682974
-80.96077579312026,31.196451303286956,1768685420
-80.96073532816597,31.196708653055047,1768685511
-80.9604437294932,31.198563167711598,1768685601
-80.9603717888158,31.199020697368418,1768686313
-80.96007946305616,31.20087983616565,1768686422
-80.96001376150267,31.20129768612624,1768687121
-80.95973700922565,31.203057780399277,1768687212
-80.95964577550917,31.203638010284333,1768687939
-80.95933975787135,31.205584226942747,1768688030
-80.95926681045826,31.206048159255896,1768688768
-80.95896234216926,31.20798452233701,1768688877
-80.95886883838308,31.208579189453516,1768689665
-80.95854950787079,31.21061007357834,1768689756
-80.95847253283287,31.211099620854647,1768690534
-80.95823348819746,31.212619901368143,1768690643
-80.95813402307358,31.213252481510892,1768691294
-80.95786673167932,31.21495240628609,1768691385
-80.95780399485784,31.215351401088927,1768692032
-80.95755739372353,31.21691973956443,1768692105
-80.95748647751563,31.217370753781,1768692730
-80.95722793196713,31.219015056563826,1768692821
-80.95716040701251,31.219444503024803,1768693454
-80.95689232612193,31.22114944885333,1768693545
-80.95682730265993,31.221562986274954,1768694197
-80.95659391304272,31.223047301898646,1768694288
-80.95649503968973,31.223676118485876,1768694940
-80.95622272411731,31.22540799612275,1768695012
-80.95615882972518,31.225814352864923,1768695687
-80.95592131727439,31.227324888962222,1768695759
-80.95582346292935,31.227947224843717,1768696424
-80.95556681808328,31.229579439503937,1768696515
-80.95550634573503,31.229964032667876,1768697143
-80.95532206399521,31.231136031100483,1768697216
-80.95522949342106,31.231724763157896,1768697758
-80.95053891670409,31.233021406314986,1768699656
-80.95027476373708,31.233002673154665,1768699747
-80.94849658299896,31.232876568400957,1768699819
-80.94785522267556,31.232831084506163,1768700449
-80.94633181862929,31.232723047967507,1768700521
-80.94541835379549,31.232658267006034,1768701152
-80.94418299585269,31.232570658077556,1768701225
-80.94339600484105,31.23251484636755,1768701731
-80.94160738890552,31.23238800157209,1768701822
-80.94113823821867,31.232354730414357,1768702377
-80.93928700147228,31.232223444685662,1768702450
-80.93883089478216,31.232191098580127,1768703053
-80.93741805554724,31.232090903060108,1768703125
-80.93644985998402,31.23202224071301,1768703724
-80.93451260987175,31.2318848551014,1768703815
-80.93396361557257,31.231845921606396,1768704432
-80.9318286077931,31.231694511446324,1768704541
-80.93130322833508,31.23165725266507,1768705205
-80.9290437753134,31.231497017116066,1768705314
-80.92850948340569,31.231459126283045,1768706014
-80.92387640979187,31.231130558666468,1768706105
-80.92286438267597,31.231058787879913,1768707618
-80.92033895785298,31.230879690182768,1768707763
-80.91954372003838,31.230823293627246,1768708598
-80.91719329233418,31.23065660634941,1768708707
-80.91643699970054,31.23060297170235,1768709495
-80.91391378052478,31.23042403042497,1768709604
-80.91328493621799,31.230379434139152,1768710395
-80.91066896878276,31.230193915354675,1768710522
-80.9098324350202,31.230134590179322,1768711391
-80.90720092586464,31.229947969209462,1768711518
-80.90661653730825,31.229906525629858,1768712339
-80.90507478881884,31.230093886214917,1768714264
-80.90524700241497,31.23033432921289,1768714373
-80.90639854290629,31.231942099181474,1768714482
-80.90676386849304,31.232452163318673,1768715313
-80.90791882297763,31.234064699872427,1768715422
-80.908318588566,31.234622848814922,1768716261
-80.90970299477928,31.23655574370725,1768716388
-80.91001094408847,31.236985699627102,1768717304
-80.91134270718895,31.238845094702086,1768717431
-80.91170890467448,31.23935637617613,1768718354
-80.91286685418797,31.240973094360992,1768718481
-80.91313245380458,31.241343922039626,1768719241
-80.91416585314423,31.242786744446942,1768719350
-80.91449442404571,31.243245492039375,1768720071
-80.91556325776678,31.24473778759568,1768720199
-80.9159162522137,31.245230635111813,1768720960
-80.91699547606183,31.246737437265494,1768721069
-80.9172908975103,31.24714990190438,1768721822
-80.9184979963855,31.248835241964333,1768721913
-80.91877987918355,31.24922880406724,1768722731
-80.91988477956089,31.25077145554877,1768722840
-80.9202882753878,31.25133481261512,1768723662
-80.9214937263995,31.253017851943568,1768723771
-80.92177488544608,31.253410403551502,1768724580
-80.92295776899988,31.255061934408157,1768724689
-80.92329152505695,31.255527921465898,1768725517
-80.92450929211066,31.257228156335987,1768725626
-80.92479167785463,31.25762242064727,1768726443
-80.92911828748748,31.25963545385385,1768728601
-80.92923062066066,31.259858136516517,1768728692
-80.9300580826645,31.26149844843025,1768728801
-80.9302522136937,31.261883282342342,1768729550
-80.9311490934935,31.263661204004002,1768730307
-80.93125609636303,31.263873320186853,1768730398
-80.93199565945946,31.265339386486488,1768730488
-80.93224897453453,31.265841543363358,1768731227
-80.93308566026026,31.267500139839836,1768731336
-80.93327513073075,31.267875734934933,1768732102
-80.9340226958959,31.26935766406407,1768732193
-80.9342775187988,31.269862809969972,1768732931
-80.93506508108108,31.271424027027027,1768733040
-80.93524998838839,31.271790576376375,1768733753
-80.9359288085085,31.273136229379386,1768733844
-80.93615416924925,31.273582971231235,1768734508
-80.93702673622714,31.275312696587495,1768734617
-80.9372255206006,31.275706755015015,1768735408
-80.93804215587897,31.277325604666203,1768735517
-80.9382800008736,31.277797094567294,1768736295
-80.93914043669125,31.27950277182637,1768736404
-80.93933774930932,31.279893912732728,1768737182
-80.94022295107416,31.28164868454609,1768737291
-80.94048181519982,31.28216184153384,1768738135
-80.94141174664664,31.284005282832837,1768738263
-80.94162142669944,31.284420940212943,1768739103
-80.94244473625055,31.286053020549126,1768739212
-80.94277285885886,31.28670347147147,1768740061
-80.94372130240241,31.288583610060055,1768740188
-80.94396079406908,31.28905836422673,1768741044
-80.94131384582586,31.287452356597846,1768743098
-80.94097495838774,31.287400592167184,1768743207
-80.93867171116443,31.287048775405104,1768743316
-80.93793309545862,31.286935953219356,1768744160
-80.93577691584382,31.286606600763015,1768744269
-80.93504268736059,31.286494448717427,1768745066
-80.93281025743453,31.286153449166783,1768745175
-80.93208467586095,31.28604261792068,1768745993
-80.92993800189507,31.28571471743467,1768746102
-80.92896457094056,31.285566027653104,1768746951
-80.92625347834381,31.285151913263014,1768747096
-80.9256500774122,31.285059744884453,1768747998
-80.92322265813262,31.28468896106997,1768748125
-80.92255248017655,31.28458659262418,1768748978
-80.92015825037403,31.284220878441054,1768749087
-80.91934462623429,31.284096598855477,1768749902
-80.9167256182301,31.283696550216938,1768750802
-80.91635620547922,31.283640123101097,1768750911
-80.91429608350788,31.283325443272492,1768751038
-80.9137644441679,31.283244236344594,1768751727
-80.91171861919634,31.28293174035632,1768751836
-80.91108227195541,31.282834539489823,1768752571
-80.90884506359149,31.282492810041617,1768752680
-80.90832219625223,31.282412943020642,1768753436
-80.90629043839768,31.282102595758527,1768753545
-80.90571552901207,31.282014779411032,1768754275
-80.9032833701044,31.281643271627104,1768755018
-80.90298236894076,31.281597294254937,1768755109
-80.89934409579398,31.276584323529416,1768757456
-80.89942659445117,31.27657619281046,1768757529
-80.90003843738629,31.276515892156866,1768757620
-80.90019720087932,31.27650024509804,1768758267
-80.9008462975288,31.276436272875817,1768758357
-80.90100947111885,31.276420191176474,1768759044
-80.90151845434355,31.276370027941176,1768759135
-80.90171067654637,31.27635108333333,1768759716
-80.90217095140993,31.276305720588237,1768759812
-80.90232785802,31.276290256535944,1768760317
-80.90271630923097,31.276251972426472,1768760408
-80.90299223913736,31.276224777941177,1768760949
-80.90346696287145,31.276177991176468,1768761040
-80.9036380514251,31.276161129411765,1768761581
-80.90415340607943,31.27611033823529,1768761636
-80.90428588307307,31.276097281862747,1768762196
-80.90469445535173,31.27605701470588,1768762269
-80.90490973771983,31.27603579738562,1768762794
-80.90541237272589,31.275986259803926,1768762867
-80.90557431322961,31.275970299632355,1768763430
-80.90696354974877,31.275833382352943,1768764751
-80.9070459655094,31.275825259803916,1768764824
-80.9076255029012,31.27576814304813,1768764915
-80.9077672153253,31.27575417647059,1768765522
-80.90838675106124,31.275693117647062,1768765595
-80.90856013750759,31.275676029411766,1768766256
-80.90928807133695,31.275604287330314,1768766383
-80.90952002994237,31.275581426470584,1768767187
-80.91028915252208,31.275505624999997,1768767296
-80.91045926455428,31.275488859477118,1768768095
-80.91113134013037,31.275422622549016,1768768186
-80.91135395718618,31.275400682352938,1768768941
-80.91211865060264,31.27532531740196,1768769050
-80.91232739121304,31.275304744809688,1768769848
-80.9159848922099,31.27611431450294,1768771945
-80.9161462132959,31.276332562597986,1768772036
-80.91730023277006,31.277893812637497,1768772163
-80.91764992885498,31.278366909529407,1768773030
-80.91878779276033,31.279906303020528,1768773139
-80.91907184924898,31.280290597405553,1768773952
-80.92021268194001,31.281834007307946,1768774061
-80.9204629812876,31.28217263232691,1768774871
-80.92158415856976,31.283689450816766,1768774961
-80.92185711623594,31.284058729825183,1768775776
-80.92293912182112,31.285522553703764,1768775867
-80.92329240159447,31.286000498896566,1768776702
-80.92439749983745,31.287495564373494,1768776811
-80.92476789119843,31.287996659493583,1768777674
-80.92594269430538,31.28958602729732,1768777765
-80.92621363090164,31.289952572040384,1768778605
-80.92724230584635,31.29134424595408,1768778713
-80.92753196719771,31.291736123046583,1768779462
-80.92870366502301,31.29332128977646,1768779571
-80.92897278684431,31.293685379346492,1768780402
-80.93009054862691,31.2951975770748,1768780511
-80.93048625547658,31.295732921017002,1768781377
-80.93174462294543,31.297435341387242,1768781504
-80.93202035240893,31.297808370305237,1768782386
-80.93286115161172,31.29894587085695,1768782495
-80.93324104450514,31.299459820411666,1768783186
-80.9342522464242,31.30082785541578,1768783277
-80.93448403157716,31.301141432948338,1768783999
-80.93012954352143,31.30097773968922,1768786110
-80.92980970083288,31.3009716578372,1768786201
-80.92758881029158,31.300929427302922,1768786292
-80.92703329404303,31.300918864086256,1768786992
-80.92449402887938,31.300870579615445,1768787082
-80.92393865943743,31.300860019190324,1768787880
-80.92200459966952,31.300823242782037,1768787953
-80.92107532978274,31.300805572589343,1768788617
-80.9187098480672,31.300760592634322,1768789336
-80.91837735204616,31.30075427017747,1768789463
-80.91617192298446,31.300712333645325,1768789536
-80.91556363540258,31.300700766974614,1768790257
-80.91350811584522,31.300661680991983,1768790330
-80.91298174738371,31.300651672024433,1768790977
-80.9105441702719,31.300605321165687,1768791068
-80.90994731327926,31.300593971849185,1768791834
-80.90730595180153,31.300543746003132,1768791943
-80.90669586162208,31.300532145055787,1768792758
-80.90430118489502,31.300486609953662,1768792867
-80.90350520392067,31.30047147426769,1768793663
-80.90129320007344,31.300429412715104,1768793772
-80.90074551351125,31.300418998380987,1768794453
-80.89868787193096,31.300379872047806,1768794544
-80.89815467028858,31.300369733146397,1768795188
-80.8954951037732,31.300319161129092,1768795279
-80.89489587652096,31.300307766741774,1768796106
-80.89199309859296,31.300252570026537,1768796933
-80.89167799286466,31.30024657824846,1768797024
-80.88930389493515,31.30020143445495,1768797115
-80.88874808507336,31.3001908656552,1768797863
-80.88646665682057,31.300147483988145,1768797954
-80.88594055528014,31.30013748009614,1768798658
-80.88307683342089,31.299523118373983,1768800476
-80.88315239405462,31.299657206287268,1768800567
-80.88360433817635,31.300459214439023,1768800658
-80.88377733373358,31.300766207804877,1768801313
-80.88427020575358,31.301640845528457,1768801404
-80.88439788361059,31.30186741929539,1768802050
-80.8849216430244,31.302796868975612,1768802141
-80.88507886331458,31.303075867967486,1768802861
-80.88558957474255,31.30398216303523,1768802952
-80.8857234076623,31.30421965941464,1768803623
-80.88622873457787,31.3051163992683,1768803732
-80.88635396068376,31.305338622222223,1768804375
-80.88689022975952,31.30629027121951,1768804466
-80.88702398456284,31.306527628975612,1768805168
-80.88753565801126,31.307435631219512,1768805277
-80.88772030989368,31.307763309593494,1768805937
-80.88824914092976,31.308701759241192,1768806629
-80.88831621550254,31.308820788013936,1768806720
-80.8888320166263,31.30973611512195,1768806793
-80.88895170938622,31.309948518745646,1768807476
-80.88941536977342,31.310771318273925,1768807549
-80.88964862168174,31.31118524097561,1768808231
-80.8901890597957,31.312144288238486,1768808937
-80.89026462042943,31.31227837615176,1768809028
-80.8907768729581,31.313187406016258,1768809119
-80.89090422391496,31.3134133996748,1768809789
-80.89146286654614,31.31440475219512,1768809879
-80.89159861586492,31.314645649365854,1768810610
-80.89218532435955,31.315686806829266,1768810719
-80.89232889067398,31.315941575834895,1768811472
-80.89298961334585,31.31711407691057,1768811603
-80.89312863930789,31.317360788726294,1768812443
-80.89356416370231,31.318133658861786,1768812534
-80.89369165475922,31.31835990113822,1768813132
-80.89789650453409,31.320784129301337,1768815045
-80.89804400636915,31.32103280576792,1768815136
-80.89913481077753,31.322871816014196,1768815209
-80.89951650590417,31.323515323909362,1768815870
-80.90056025193651,31.32527499744321,1768816492
-80.90073389104533,31.325567739293014,1768816583
-80.90196154857315,31.32763747311079,1768816692
-80.90234462014172,31.328283301578516,1768817450
-80.9037933450912,31.33072573764287,1768817577
-80.90411874419388,31.331274334879335,1768818425
-80.9051969234321,31.333092060083956,1768818534
-80.90564071884036,31.333840264158653,1768819250
-80.90690207314151,31.335966808080045,1768819359
-80.90719202298588,31.336455640661402,1768820098
-80.9084371478954,31.33855482310779,1768820189
-80.90881997415325,31.33920023800097,1768820971
-80.90999987156972,31.34118945203589,1768821098
-80.91051424570433,31.34205664627962,1768821889
-80.91173382331013,31.34411275798577,1768822016
-80.91215077488457,31.344815705472715,1768822799
-80.91322597179621,31.34662840270986,1768822890
-80.91365345639996,31.34734910805389,1768823598
-80.91471564004937,31.34913986595669,1768823725
-80.91500067224283,31.349620407766256,1768824355
-80.91611836923776,31.351504756793577,1768824427
-80.91649931635253,31.352147003599693,1768825157
-80.91767931205057,31.35413638332955,1768825248
-80.91796187934297,31.354612769510254,1768825947
-80.91925558678373,31.35679385827467,1768826056
-80.9195491419524,31.3572887691486,1768826823
-80.91855902562365,31.3607432837675,1768829382
-80.91835077330221,31.360875837148015,1768829473
-80.9167890851939,31.361869857462594,1768829582
-80.91642279128897,31.36210300490137,1768830329
-80.91480823651057,31.363130675048936,1768830438
-80.91441607791246,31.363380285461528,1768831220
-80.91283501511957,31.36438663783521,1768831329
-80.91246614700346,31.364621423769012,1768832089
-80.91083215284469,31.365661467154794,1768832198
-80.91044569769065,31.365907447303936,1768832990
-80.90895116672404,31.366858721846967,1768833099
-80.90833218860111,31.367252703734376,1768833931
-80.90674246390721,31.36826456944042,1768834040
-80.90620725428863,31.3686052323619,1768834867
-80.90451547788987,31.369682054359288,1768834994
-80.90412519206444,31.369930472745068,1768835803
-80.90252042756536,31.37095191134329,1768835912
-80.90198227913427,31.37129444482991,1768836747
-80.90011643344376,31.372482062581728,1768836874
-80.89820100097876,31.373701242500733,1768838411
-80.89648570966858,31.374793031827075,1768838575
-80.89610965010539,31.3750323951438,1768839368
-80.89453135220599,31.376036987652466,1768839477
-80.89414649742132,31.376281949160518,1768840241
-80.89257883346566,31.377279773124258,1768840350
-80.8922107621292,31.377514051904836,1768841103
-80.890803036365,31.37841007461226,1768841212
-80.884964237235,31.37816222544043,1768843768
-80.88495855100574,31.3782626489047,1768843841
-80.8849170589389,31.37899543277505,1768843950
-80.88490690321738,31.379174791131682,1768844653
-80.88486442650452,31.379924964657025,1768844762
-80.88485419651388,31.380105634667064,1768845479
-80.88481398733,31.380815761774212,1768845588
-80.88480008383632,31.38106130885552,1768846326
-80.8847572933033,31.38181702470208,1768846454
-80.88474714918632,31.38199617811287,1768847156
-80.88470754895117,31.382695550686773,1768847265
-80.8846959522992,31.382900357055178,1768847963
-80.88465509783788,31.38362188028991,1768848054
-80.88464588714116,31.383784548735232,1768848757
-80.88460578527173,31.38449278058127,1768848830
-80.88459531442221,31.384677704356193,1768849540
-80.88455584928337,31.38537469101888,1768849630
-80.88454522596297,31.38556230755449,1768850317
-80.88450270786056,31.38631321205335,1768850426
-80.88449301709466,31.386484358913105,1768851138
-80.88445038778197,31.38723722747631,1768851247
-80.8844401380636,31.3874182458943,1768851966
-80.88439769152257,31.388167886560435,1768852075
-80.88438745689011,31.38834863854882,1768852792
-80.88434634719319,31.389074669453574,1768852901
-80.88433325597194,31.389305871138976,1768853653
-80.8842907875112,31.390055898925052,1768853744
-80.88428080598686,31.390232180816824,1768854476
-80.88424014235592,31.390950333830986,1768854567
-80.88422665931995,31.39118845528516,1768855300
-80.88418709312482,31.391887226684585,1768855428
-80.88417396999104,31.392118991971067,1768856141
-80.88595871738634,31.396109029548395,1768858361
-80.88615445632473,31.396369727641968,1768858452
-80.88764896430204,31.39836021243622,1768858543
-80.88801860103433,31.39885251913931,1768859304
-80.88941971568322,31.400718616507778,1768859413
-80.88975113509252,31.4011600228467,1768860103
-80.89254819122687,31.40488532762166,1768860194
-80.89302566826593,31.405521263193968,1768861604
-80.89435689896048,31.407294284479473,1768861694
-80.89476856847155,31.407842573223668,1768862399
-80.8962534447629,31.409820229900095,1768862508
-80.89660674605895,31.41029077998629,1768863241
-80.89792776586702,31.41205020173635,1768863350
-80.89831563420151,31.41256679049577,1768864028
-80.89969746345568,31.41440720229713,1768864137
-80.90002914934126,31.414848963546824,1768864816
-80.90152264638583,31.41683810191385,1768864907
-80.90191425470553,31.417359671833538,1768865668
-80.90358194431117,31.419580811400504,1768865795
-80.90396244931149,31.42008759318338,1768866617
-80.90537634059157,31.421970707316213,1768866726
-80.90586649388851,31.422623525969076,1768867478
-80.90742108947119,31.424694039419347,1768867605
-80.90791962203254,31.425358018131966,1768868432
-80.90933519043602,31.427243365968966,1768868541
-80.90980495270733,31.42786902650217,1768869295
-80.9113385842472,31.429911618650518,1768869404
-80.91170891469875,31.43040484929487,1768870170
-80.90920806080342,31.43399762322253,1768872601
-80.90897943668746,31.43411402333358,1768872692
-80.90736976570089,31.434933560156306,1768872801
-80.90700556128354,31.435118988690164,1768873515
-80.90563879254026,31.435814855934222,1768873606
-80.90517295438491,31.436052029570902,1768874270
-80.90392940758453,31.436685160441872,1768874361
-80.9033634067784,31.43697333020215,1768875012
-80.90183244631328,31.437752792890958,1768875103
-80.90144900007513,31.437948018073193,1768875794
-80.89982478569405,31.438774959419852,1768875903
-80.89941096320233,31.43898565015907,1768876647
-80.897938674599,31.439735241059427,1768876738
-80.89756120342676,31.439927424137675,1768877400
-80.89597715142408,31.440733917487034,1768877491
-80.89545616588671,31.440999168482755,1768878265
-80.89373102190918,31.44187749643045,1768878374
-80.89334218904001,31.442075464124983,1768879139
-80.89198398325024,31.442766971685746,1768879230
-80.89166101831115,31.442931403835075,1768879849
-80.89068241431826,31.443429643546008,1768879922
-80.89005590279135,31.44374862131877,1768880495
-80.8889638902332,31.444304601087143,1768880586
-80.8885917051677,31.444494092833345,1768881109
-80.88713524791463,31.445235623468854,1768881200
-80.88676961654265,31.445421778512564,1768881849
-80.8855620378247,31.446036596841264,1768881940
-80.88516733286573,31.44623755421124,1768882519
-80.88413372247004,31.446763799504023,1768882610
-80.88359525551297,31.447037950869635,1768883157
-80.88238794649432,31.44765263188548,1768883248
-80.88200753559947,31.447846311673896,1768883811
-80.88068843621151,31.448517908870016,1768883902
-80.88037086525888,31.448679594762154,1768884500
-80.87233558062336,31.447141075178365,1768886884
-80.87226615678225,31.4472148890391,1768886956
-80.87179510280134,31.447715730138942,1768887047
-80.87162763369633,31.44789378916009,1768887681
-80.87114196056243,31.448410173855716,1768887771
-80.8710257319314,31.448533752209286,1768888379
-80.87065820059505,31.448924524405673,1768888452
-80.87045261804981,31.449143106972084,1768889029
-80.87003874816372,31.44958314793841,1768889102
-80.86988405735387,31.44974762062836,1768889675
-80.869489826252,31.45016678095108,1768889747
-80.86928367331747,31.450385969975382,1768890342
-80.8688265726474,31.450871975426214,1768890433
-80.86869471071294,31.451012175655812,1768891018
-80.86829217553135,31.451440165167106,1768891091
-80.86813974662661,31.451602232920266,1768891654
-80.86778172355561,31.45198289559573,1768891727
-80.8675946128051,31.452181838302664,1768892273
-80.86708917772651,31.452719234590422,1768892837
-80.86703317564151,31.45277877796971,1768892910
-80.86652038622391,31.453323993648407,1768893482
-80.86646432119163,31.45338360395544,1768893555
-80.86602202571869,31.453853868001836,1768893628
-80.86589737614219,31.45398639979972,1768894183
-80.86546905356366,31.45444180737514,1768894274
-80.86531834521755,31.454602045770077,1768894849
-80.86494380898021,31.455000265822644,1768894922
-80.86474419620312,31.45521250112237,1768895502
-80.86427663789377,31.45570962550173,1768895593
-80.86415174352236,31.45584241757416,1768896166
-80.86373387858305,31.456286706221054,1768896257
-80.86359503090083,31.4564343339425,1768896806
-80.8631138375141,31.45694595561397,1768896897
-80.86295316461563,31.457116788670135,1768897532
-80.86251446090297,31.457583233831137,1768897605
-80.8623495632745,31.457758558768305,1768898212
-80.86188117266242,31.45825656808111,1768898303
-80.86170061192473,31.458448546584886,1768898946
-80.86348053214017,31.46019136879784,1768901309
-80.86360575479245,31.460377677433964,1768901382
-80.86459755871117,31.461853302107407,1768901454
-80.86501692583963,31.4624772444717,1768902089
-80.86617246120754,31.46419647189937,1768902180
-80.86665115849057,31.464908686792455,1768902827
-80.86767326543396,31.466429396880503,1768903438
-80.86784975373585,31.46669197952201,1768903529
-80.86908937112177,31.468536305770154,1768903620
-80.86937075918058,31.468954960258763,1768904314
-80.87056456374613,31.470731125324185,1768904387
-80.87086356384904,31.47117598334591,1768905065
-80.87196492711321,31.47281461249057,1768905156
-80.87232511732614,31.473350510318056,1768905821
-80.87350827373584,31.475110832855346,1768905894
-80.87384109581131,31.475606011849056,1768906571
-80.87511785794341,31.477505602754718,1768906698
-80.87547230528303,31.478032956226418,1768907416
-80.87688061656604,31.48012826845283,1768908128
-80.87706767237735,31.48040657363522,1768908237
-80.87824088381132,31.482152099849056,1768908328
-80.8785471236981,31.48260772935849,1768908984
-80.87990739094339,31.484631560754718,1768909075
-80.88022027637736,31.48509707763522,1768909845
-80.88167242480696,31.487257611599418,1768909936
-80.88199518218866,31.487737816150943,1768910750
-80.88337314495416,31.489787975277626,1768910841
-80.88370652448026,31.490283983656948,1768911611
-80.8851097104717,31.492371670377363,1768911720
-80.88553879394166,31.493010068898798,1768912488
-80.8867871664151,31.494867421132074,1768913170
-80.88697224568193,31.495142785574124,1768913297
-80.88588161558187,31.497505495196226,1768915728
-80.88553801020281,31.497561718242668,1768915819
-80.88340682292014,31.49791043758429,1768915946
-80.88271414250099,31.498023778660272,1768916695
-80.88061566760743,31.49836714537856,1768916804
-80.88010198757011,31.498451197195998,1768917497
-80.8783998949423,31.498729705155103,1768917588
-80.87783008117286,31.49882294195514,1768918191
-80.87609040841201,31.499107599030918,1768918282
-80.87561565455317,31.499185281482596,1768918867
-80.87388798706229,31.499467974174536,1768918958
-80.87340221018282,31.499547460287726,1768919540
-80.87183181172885,31.499804419551428,1768919630
-80.87130830919793,31.499890078592006,1768920194
-80.86959737632583,31.500170033051933,1768920284
-80.86916024937382,31.50024155873349,1768920848
-80.86789735733552,31.50044820170838,1768920921
-80.86707018431126,31.50058354937809,1768921480
-80.86557656997671,31.50082794470253,1768921571
-80.86480581841415,31.500954060309375,1768922169
-80.86292211548574,31.501262284579653,1768922260
-80.86243859744908,31.501341401085636,1768922890
-80.8605759979994,31.50164617226135,1768922981
-80.85993816098116,31.50175053948749,1768923645
-80.85774387543425,31.50210958339577,1768923755
-80.85723122064039,31.502193467455918,1768924480
-80.85518508607824,31.5025282698936,1768924571
-80.85458817611676,31.502625940356666,1768925279
-80.8523418015885,31.502993507417955,1768925388
-80.85180942243369,31.50308061891203,1768926131
-80.849646891322,31.5034344669439,1768926240
-80.8491193688446,31.50352078375543,1768926953
-80.84703765502772,31.50386140791248,1768927062
-80.84652470258253,31.50394534067636,1768927752
-80.8403856608209,31.502037860074626,1768930043
-80.84027768884329,31.502076924440303,1768930134
-80.83958453798508,31.502327707089552,1768930225
-80.8393521252452,31.50241179424307,1768930879
-80.83865710673135,31.50266325261194,1768930952
-80.83838972657395,31.50275999101085,1768931629
-80.83754505042062,31.503065595658075,1768931738
-80.83734264710446,31.503138825373135,1768932468
-80.83651307981343,31.503438963619406,1768932577
-80.8362695267761,31.503527081343286,1768933324
-80.83545130157394,31.503823116010857,1768933433
-80.83523830041045,31.50390018003732,1768934137
-80.83443592451492,31.504190480410454,1768934264
-80.8342197717164,31.504268684701497,1768934964
-80.8334330780529,31.50455331122796,1768935055
-80.83324071440298,31.50462290858209,1768935746
-80.83243760755596,31.504913473414177,1768935836
-80.8322389349403,31.504985353358204,1768936541
-80.83141018403663,31.50528519623474,1768936650
-80.83121563069652,31.505355585820894,1768937362
-80.8304157609204,31.505644979477616,1768937453
-80.83020781629578,31.50572021404342,1768938161
-80.82942765373133,31.50600247761194,1768938270
-80.82922086090909,31.506077295454546,1768938946
-80.82846182315922,31.50635191604478,1768939055
-80.82825725799863,31.506425927917235,1768939715
-80.82754434676865,31.506683859888064,1768939824
-80.82729935081412,31.506772499660784,1768940479
-80.82650855622795,31.50705860990502,1768940588
-80.82631728109453,31.507127813432835,1768941271
-80.82550390611941,31.50742209328358,1768941362
-80.82528846338806,31.50750004067164,1768942087
-80.82716438731737,31.508888663292662,1768944617
-80.82741973436579,31.50917123819304,1768944726
-80.82921943972487,31.5111628475172,1768944835
-80.82961155796556,31.51159677762715,1768945648
-80.83121801077654,31.513374527735554,1768945739
-80.8316056676608,31.513803520771198,1768946464
-80.83315804474934,31.515521429021348,1768946573
-80.83354141523229,31.51594567859343,1768947267
-80.83509698525245,31.517667120239903,1768947376
-80.83546713690149,31.51807674144366,1768948074
-80.83714172502553,31.519929892185903,1768948769
-80.83736860298237,31.5201809623136,1768948860
-80.83897656534234,31.52196038293534,1768948969
-80.83946802110121,31.522504242999354,1768949734
-80.8411994939499,31.524420344128128,1768949843
-80.84161231521725,31.524877184844378,1768950625
-80.84329282676956,31.5267368906346,1768950734
-80.84376363183881,31.527257898010077,1768951531
-80.84551740539489,31.529198677787818,1768951621
-80.84590785305686,31.529630759183945,1768952422
-80.8476024264428,31.531506026231934,1768952513
-80.8481214881064,31.5320804358395,1768953322
-80.84990978212765,31.534059417026114,1768953449
-80.85033709186875,31.534532291133203,1768954240
-80.85194565872119,31.536312380704924,1768954367
-80.85242594342523,31.536843878535922,1768955119
-80.8542394848211,31.538850799244134,1768955228
-80.85467204321684,31.53932948167395,1768956042
-80.8562421661974,31.541067028074202,1768956169
-80.85685471447508,31.54174489284531,1768956960
-80.85582519341254,31.543891959843588,1768958977
-80.85556745042696,31.543967474824953,1768959067
-80.85384270174296,31.544472801340216,1768959158
-80.85337315359794,31.54461037218174,1768959827
-80.8517876225297,31.54507490994134,1768959936
-80.85122071508499,31.545241005654987,1768960585
-80.84949825462475,31.545745661753642,1768960694
-80.84903436925579,31.545881573483367,1768961344
-80.84726818985311,31.546399038602292,1768961453
-80.84679242998946,31.546538429387876,1768962136
-80.84505233980502,31.547048250741735,1768962227
-80.84460603215521,31.547179012452993,1768962896
-80.84270985737203,31.547734564345514,1768963005
-80.84228208664628,31.547859895005097,1768963713
-80.84030674567606,31.548438641449845,1768963803
-80.83985968395247,31.548569624093847,1768964570
-80.8378927995871,31.549145892875206,1768964661
-80.83742241358236,31.54928370919755,1768965406
-80.8354893845281,31.549850058860525,1768965515
-80.83504017615013,31.549981670443337,1768966244
-80.83312757353805,31.55054203545304,1768966335
-80.83266407820726,31.5506778329072,1768967070
-80.83071127721925,31.551249975461896,1768967179
-80.83009281673252,31.551431175474093,1768967971
-80.8283633615882,31.551937880914426,1768968080
-80.82771364904498,31.55212823732892,1768968801
-80.8261822942753,31.55257690221359,1768968910
-80.82546020365334,31.55278846436238,1768969586
-80.82358828057535,31.55333691085467,1768969695
-80.82314490832374,31.553466812536556,1768970403
-80.82134213756456,31.55399499839575,1768970494
-80.82087339219648,31.55413233403519,1768971207
-80.81631351147654,31.55219822139431,1768973334
-80.81621696261173,31.552240498296815,1768973407
-80.8155090500327,31.55255047968443,1768973516
-80.81534118804956,31.55262398323841,1768974224
-80.81472292865708,31.552894707209223,1768974315
-80.81452405642153,31.552981789560015,1768974979
-80.81381000081753,31.553294460860855,1768975070
-80.81364634030277,31.553366124672138,1768975796
-80.81299892224682,31.55364961666436,1768975886
-80.8127611394218,31.55375373721856,1768976608
-80.8120447544964,31.55406742848471,1768976699
-80.8118629309629,31.554147045534723,1768977438
-80.81113115845785,31.55446747472791,1768977547
-80.81095469657608,31.55454474401312,1768978285
-80.81018896632693,31.55488004265338,1768978376
-80.81001576472156,31.554955884325878,1768979153
-80.80928120826414,31.55527753255857,1768979244
-80.80911278377299,31.555351282424063,1768979988
-80.80838162170265,31.555671444319547,1768980078
-80.80821124567014,31.555746048727688,1768980813
-80.80750860986211,31.556053719518136,1768980904
-80.80733703747,31.556128847789267,1768981626
-80.80659447691846,31.556454000861816,1768981716
-80.80642283839595,31.556529158090193,1768982473
-80.80565247901679,31.55686648373801,1768982564
-80.80547837563283,31.55694272028211,1768983338
-80.80481707134292,31.55723229279077,1768983429
-80.80458206784571,31.55733519633044,1768984151
-80.80380978467227,31.557673364371002,1768984278
-80.8036371842526,31.557748942795758,1768985048
-80.802910242506,31.558067256692148,1768985139
-80.80267065797364,31.55817216617956,1768985934
-80.80757246408024,31.559048616839263,1768987897
-80.8078253138301,31.55926495038271,1768987988
-80.80950348594584,31.56070076323406,1768988097
-80.81022738007869,31.561320113591044,1768988880
-80.81209646481928,31.562919267733616,1768989007
-80.81251819209731,31.563280089749362,1768989745
-80.81438236027314,31.564875037370552,1768989836
-80.81479671077217,31.565229547951372,1768990601
-80.81641111753194,31.566610804350084,1768990692
-80.81712229478464,31.56721927438091,1768991460
-80.8189470921916,31.568780537104498,1768991569
-80.81938053847367,31.569151385682126,1768992304
-80.8212768395098,31.570773825580993,1768992413
-80.82189452915642,31.57130230935476,1768993235
-80.82412966354958,31.573214648772208,1768993362
-80.82482417821726,31.5738088626052,1768994329
-80.82687289693708,31.57556170823953,1768994456
-80.82739149329133,31.576005409635304,1768995278
-80.82953370991545,31.577838250337688,1768995423
-80.83003329568137,31.578265686627642,1768996271
-80.83190763989059,31.579869340673728,1768996398
-80.83234415318177,31.580242813327327,1768997145
-80.83438734860134,31.58199093332871,1768997254
-80.83486973783309,31.582403656583846,1768998090
-80.83677225714598,31.584031416724653,1768998199
-80.83724170021637,31.584433063484912,1768998963
-80.83899380452284,31.585932131343668,1768999091
-80.83974543039922,31.586575208464648,1768999899
-80.84141216026703,31.58795273051247,1769002257
-80.84117733064298,31.587960758997138,1769002348
-80.83935230155645,31.588023154097822,1769002457
-80.83888651830549,31.588039078552427,1769003248
-80.83708265058553,31.58810075017664,1769003394
-80.83649219702284,31.588120936928608,1769004224
-80.83456756233423,31.588186737400527,1769004351
-80.83412212429776,31.588201966281723,1769005175
-80.83210073966917,31.588271074493942,1769005302
-80.83165995541471,31.58828614426907,1769006173
-80.82967101086182,31.588354143402103,1769006282
-80.82921061177807,31.588369883779823,1769007157
-80.82741424923455,31.588431298812935,1769007266
-80.82681162217035,31.58845190175927,1769008110
-80.82498137427667,31.58851447528342,1769008237
-80.82433607842887,31.588536537013663,1769009107
-80.82225346623787,31.58860773850755,1769009234
-80.82177123423753,31.58862422532106,1769010132
-80.81977764128897,31.588692383376,1769010278
-80.81922588770227,31.588711247031846,1769011160
-80.81724590254981,31.588778939855953,1769011287
-80.81678085975234,31.58879483899552,1769012144
-80.81492234754958,31.58885837883544,1769012271
-80.81432645214461,31.58887875163611,1769013130
-80.81238278923857,31.58894520265523,1769013257
-80.81190303090648,31.588961604897605,1769014097
-80.80625104662468,31.585865345244525,1769016724
-80.80600441999584,31.585829133778763,1769016833
-80.80426674873641,31.58557399659582,1769016960
-80.80386899030671,31.585515594890257,1769017834
-80.80216358492994,31.58526519521238,1769017961
-80.80178749472219,31.585209974988405,1769018819
-80.80032278937892,31.584994916591658,1769018928
-80.79972128320104,31.584906599200835,1769019789
-80.79814241708785,31.58467477891251,1769019898
-80.79762164058712,31.584598314823793,1769020764
-80.79601141604931,31.584361890269797,1769020891
-80.79557412781277,31.58429768451845,1769021724
-80.79399244346743,31.584065450437354,1769021851
-80.7934751114727,31.58398949209536,1769022709
-80.79186976665167,31.5837537840159,1769022836
-80.79140812083709,31.583686001912692,1769023675
-80.78979982358236,31.58344986033603,1769023802
-80.78926248064806,31.583370963846388,1769024616
-80.78766942943295,31.58313706080108,1769025438
-80.78744303592177,31.58310382010474,1769025547
-80.78588817697155,31.582875524717856,1769025656
-80.78537199314549,31.582799734958105,1769026509
-80.78395027915649,31.58259098885603,1769026636
-80.78338718230914,31.582508310994736,1769027449
-80.78193097852645,31.582294500857227,1769027558
-80.78131534923493,31.582204109810984,1769028411
-80.78412728862733,31.580344689332037,1769031178
-80.78444408466208,31.580550247054614,1769031287
-80.78659446157884,31.58194555044606,1769031414
-80.78707038951399,31.582254363220628,1769032254
-80.78910728856967,31.583576034848655,1769032363
-80.78975168768956,31.583994162605894,1769033233
-80.79178582749832,31.585314043856357,1769033342
-80.79247485360453,31.585761128483856,1769034218
-80.79465195689332,31.587173773671193,1769034345
-80.79513769931643,31.587488954719245,1769035199
-80.7970360269671,31.58872071227228,1769035308
-80.7977282297658,31.589169858142984,1769036135
-80.79997613866965,31.590628446585196,1769036262
-80.80046317996442,31.59094447042507,1769037142
-80.80254939696566,31.592298142720594,1769037251
-80.80325731984134,31.59275748879227,1769038161
-80.80543771615991,31.594172270709947,1769038270
-80.80592192840543,31.594486458879977,1769039134
-80.8079534277682,31.59580462683859,1769039243
-80.80854643208228,31.596189406327312,1769040092
-80.8105092229124,31.59746299175351,1769040201
-80.8113624486843,31.598016619726323,1769041097
-80.81372660516782,31.599550637104233,1769041260
-80.81427663165654,31.599907529804835,1769042165
-80.8166694569558,31.60146014936152,1769042310
-80.81722309473665,31.601819385301635,1769043249
-80.82062748149,31.60347095591885,1769045916
-80.82044632469326,31.603583374790304,1769046043
-80.81932935923709,31.60427652016655,1769046189
-80.81897792012923,31.60449460962608,1769047106
-80.81794782687733,31.60513384548669,1769047215
-80.81760705791814,31.605345313466408,1769048077
-80.81654456551362,31.606004654982677,1769048204
-80.81622986866576,31.606199943622805,1769049060
-80.8151419236319,31.606875080052195,1769049187
-80.8148956464879,31.607027910081705,1769050022
-80.81389932357405,31.60764618938227,1769050131
-80.81357827030236,31.607845422572133,1769050953
-80.81242260421624,31.608562584056084,1769051080
-80.81215526246945,31.60872848595989,1769051968
-80.81107198984317,31.609400722874614,1769052095
-80.81081290272589,31.60956150227599,1769052928
-80.80961245796813,31.61030645166424,1769053055
-80.8093459693878,31.61047182412606,1769053974
-80.80813593253511,31.611222725995855,1769054101
-80.80785203740886,31.61139890028398,1769055032
-80.80666883759305,31.612133148131097,1769055177
-80.8063506285517,31.612330616302096,1769056104
-80.8051754820017,31.61305986660527,1769056249
-80.80489562517973,31.6132335348786,1769057143
-80.79848241488956,31.610869960967253,1769060166
-80.79828347395863,31.61085474532778,1769060293
-80.79705571191927,31.61076084215537,1769060420
-80.7966520312848,31.61072996736774,1769061314
-80.79534571944022,31.61063005645468,1769061441
-80.79504394762435,31.610606975979845,1769062320
-80.79376976671746,31.610509522543797,1769062447
-80.79343352806258,31.610483805934734,1769063327
-80.79214908968014,31.610385567974106,1769063454
-80.7918338618431,31.610361458339685,1769064319
-80.79061901283028,31.61026854279688,1769064464
-80.79025534987406,31.61024072868944,1769065316
-80.78898788775705,31.61014378912795,1769065444
-80.78870479197535,31.610122137056013,1769066296
-80.7876427144761,31.610040905967793,1769066405
-80.78719408969476,31.610006593707894,1769067232
-80.7859781198591,31.609913592440975,1769067359
-80.78569536309976,31.60989196629855,1769068176
-80.78459890330424,31.60980810554221,1769068285
-80.78423855978676,31.609780545316074,1769069091
-80.78312642486377,31.609695485675786,1769069199
-80.78276470849201,31.609667820449356,1769070013
-80.78161539846293,31.609579917537907,1769070122
-80.78135100460776,31.609559695849203,1769070895
-80.78026240864085,31.60947643654366,1769071004
-80.78000352147752,31.609456636024373,1769071739
-80.7824762781151,31.60688313846357,1769074412
-80.78277016248535,31.607098519924104,1769074539
-80.78485787679391,31.608628560315783,1769074666
-80.78531585683535,31.60896420392332,1769075615
-80.78732968246845,31.610440092912455,1769075743
-80.78778370343016,31.61077283499658,1769076660
-80.7896495031331,31.61214023900229,1769076787
-80.79014205388329,31.612501218730056,1769077658
-80.79355688143637,31.615003871542967,1769077785
-80.79418807143396,31.615466456958604,1769079356
-80.79623609620606,31.6169674097526,1769080231
-80.79650791020859,31.617166616320855,1769080358
-80.79782884672652,31.61813470195354,1769080467
-80.79820509672987,31.61841044739445,1769081082
-80.79947984361644,31.619344681651327,1769081173
-80.79983562725901,31.619605427741742,1769081767
-80.80127032177637,31.620656884137038,1769081876
-80.80164213170916,31.620929375546837,1769082531
-80.80291283261428,31.62186064459194,1769082640
-80.80336702593583,31.622193512994848,1769083274
-80.8047891246148,31.62323573817425,1769083873
-80.8049549798289,31.62335728985195,1769083946
-80.80610718377045,31.624201715050752,1769084019
-80.80662028778313,31.62457775781738,1769084649
-80.80786747845829,31.625491796726504,1769084722
-80.80837529451172,31.625863964062862,1769085373
-80.80977122976866,31.626887014639532,1769085482
-80.81013388489215,31.627152796688797,1769086120
-80.81365582980821,31.630078478735502,1769088643
-80.81354102939234,31.6302054015725,1769088733
-80.81276725813053,31.631060879690697,1769088806
-80.81255603633791,31.631294405579563,1769089409
-80.81173875201526,31.63219799154727,1769089500
-80.8115211181325,31.632438606614897,1769090136
-80.8107001648599,31.633346248957622,1769090208
-80.81041229515915,31.633664516437975,1769090896
-80.80947603856166,31.634699637631723,1769090986
-80.80927921825487,31.634917241300883,1769091692
-80.80841368895459,31.63587416670457,1769091765
-80.80819558645206,31.63611529987618,1769092435
-80.80724428830264,31.63716705094383,1769092526
-80.80701866502413,31.637416499052385,1769093252
-80.80608496869075,31.638448789629294,1769093343
-80.80580061935326,31.638763165011497,1769094106
-80.80475619159529,31.639917879766504,1769094197
-80.80450800598895,31.64019227268592,1769094993
-80.80358642167447,31.641211172267806,1769095102
-80.80323419456448,31.641600593017966,1769095885
-80.80241915047297,31.642501702195943,1769095976
-80.80220504838317,31.642738412528743,1769096597
-80.80134831999091,31.643685607687065,1769096688
-80.80111951638429,31.643938571952468,1769097354
-80.80022866992648,31.64492348789464,1769097445
-80.80000994190485,31.645165312637403,1769098119
-80.79913926298235,31.64612793144086,1769098209
-80.79893319081192,31.64635576392995,1769098874
-80.79800534235464,31.647381589120684,1769098965
-80.79779773651948,31.647611117222777,1769099665
-80.7968200127865,31.648692084299903,1769100333
-80.79670507521362,31.648819158777087,1769100423
-80.79599446475412,31.649604806588908,1769100496
-80.79569213641878,31.649939059472366,1769101135
-80.79137251552301,31.649415222527427,1769103136
-80.79119541260152,31.649446326305174,1769103227
-80.79006843381318,31.64964425244587,1769103318
-80.78977202175423,31.649696309942865,1769103952
-80.78869092772774,31.649886177552265,1769104042
-80.78833116142224,31.649949361666415,1769104678
-80.78713293149563,31.650159801319315,1769104787
-80.78683767372027,31.65021165609475,1769105439
-80.78558651491683,31.650431391404705,1769105530
-80.78527921179443,31.650485361649455,1769106230
-80.78399343941012,31.650711175984625,1769106320
-80.78368594224867,31.65076518030758,1769107038
-80.78246184442933,31.650980163020407,1769107129
-80.78216075553182,31.651033041889214,1769107812
-80.78092433872064,31.651250188130348,1769107903
-80.78062221494821,31.651303248749514,1769108593
-80.77950968460586,31.65149863737559,1769108684
-80.7792154617054,31.65155031040067,1769109310
-80.77818618506028,31.651731077559894,1769109401
-80.77786124826629,31.651788144725913,1769109997
-80.77682862220867,31.651969500127173,1769110088
-80.77654468835308,31.652019366134255,1769110665
-80.77549673818606,31.652203412838908,1769110756
-80.77522916047177,31.652250406291557,1769111342
-80.77434139984462,31.652406319638473,1769111415
-80.77389471200637,31.65248476938467,1769112010
-80.77282377567526,31.652672853044407,1769112101
-80.77253480675519,31.652723603336895,1769112701
-80.77146450528002,31.65291157549977,1769112791
-80.77118234464282,31.65296113008461,1769113387
-80.7701063732472,31.65315009802974,1769113478
-80.76981784215882,31.653200771427844,1769114079
-80.768739243773,31.65339020073927,1769114170
-80.76845005593707,31.653440989478945,1769114774
-80.76741289832138,31.65362314073706,1769114865
-80.76706574156876,31.653684110292993,1769115473
-80.76888289571193,31.652672577668213,1769117238
-80.76912101683662,31.652855077375616,1769117328
-80.77076181224164,31.65411260831383,1769117419
-80.77117617988011,31.65443018607127,1769118057
-80.77281939220079,31.655689569370985,1769118148
-80.7732302050899,31.656004422713618,1769118780
-80.77477514781611,31.657188490678486,1769118871
-80.77519010398925,31.657506519497986,1769119474
-80.77693875818018,31.658846715075455,1769119564
-80.77736909472583,31.659176531649987,1769120243
-80.77912528216046,31.660522500821756,1769120333
-80.77966610628019,31.660936996779387,1769121056
-80.78147642463631,31.66232445272537,1769121147
-80.78191415175058,31.66265993354583,1769121852
-80.78354917951592,31.6639130440759,1769121943
-80.78402910991583,31.66428087014626,1769122603
-80.7857688326474,31.665614220515327,1769122693
-80.78621142783506,31.66595343230241,1769123369
-80.7880177113402,31.66733779587629,1769123477
-80.78839305520692,31.667625465212414,1769124162
-80.78985485760309,31.668745813144326,1769124674
-80.79008740726628,31.668924042797617,1769124747
-80.79139269867771,31.669924438293737,1769124838
-80.79181820923912,31.670250556159424,1769125376
-80.79330548341551,31.671390426057076,1769125448
-80.79367103406544,31.671670589720605,1769126031
-80.79496091371581,31.672659173405048,1769126103
-80.79546004491898,31.67304171526755,1769126660
-80.79678838446885,31.674059775212907,1769126732
-80.79728793269085,31.674442636685097,1769127311
-80.79867263704617,31.67550389548783,1769127384
-80.79906012826832,31.675800874744755,1769127938
-80.80036987684895,31.676804686284175,1769128011
-80.80087833044118,31.677194372969627,1769128576
-80.80220751748094,31.67821308244434,1769128649
-80.80254896175107,31.678474770606105,1769129173
-80.80376252022636,31.67940486056327,1769129246
-80.80422397848498,31.679758529299267,1769129772
-80.80916295833333,31.683535041666666,1769131782
-80.80915592853891,31.684574576565446,1769131854
-80.80915400995043,31.684858288941992,1769132336
-80.80914854736257,31.685666072270266,1769132390
-80.80914511781218,31.686173219010772,1769132858
-80.80913928620467,31.687035571328323,1769132931
-80.80913591838619,31.687533589427503,1769133435
-80.80913083716432,31.688284978038233,1769133489
-80.80912730884286,31.688806730604867,1769133958
-80.8091225559433,31.689509568367637,1769134012
-80.8091182397398,31.690147829445458,1769134498
-80.80911159915036,31.691129810434145,1769134571
-80.80910934622972,31.69146296237293,1769135038
-80.80910216337935,31.69252513050625,1769135111
-80.80909975720681,31.692880944659386,1769135621
-80.80909179424805,31.69405847177127,1769135693
-80.80908965081173,31.69437543365412,1769136228
-80.80908186991903,31.695526037640864,1769136301
-80.8090789741314,31.695954253906844,1769136883
-80.80907050908647,31.69720602730154,1769136956
-80.80906815687216,31.697553862345956,1769137525
-80.80905958391072,31.698821593958094,1769137616
-80.80905747222224,31.699133861111108,1769138189
-80.80904908107267,31.700374707184032,1769138262
-80.80904636870986,31.700775799398173,1769138848
-80.80903748297341,31.702089782793035,1769138939
-80.80903522561069,31.7024235916076,1769139534
-80.80902580708542,31.7038163614561,1769140104
-80.8090246477014,31.703987806034203,1769140177
-80.80901716290809,31.70509462415691,1769140250
-80.80901342124783,31.705647924324417,1769140850
-80.80900407724032,31.707029674818276,1769140941
-80.80900165103087,31.707388451937828,1769141563
-80.80899243971577,31.708750580463256,1769141653
-80.80899000885046,31.709110046072926,1769142270
-80.8089806438915,31.710494894772335,1769142361
-80.80897817644431,31.710859769947238,1769142991
-80.80896954678096,31.71213588638548,1769143082
-80.80896732521619,31.712464401554065,1769143659
-80.8089592685556,31.713655784880892,1769143732
-80.8089567422116,31.714029369455826,1769144308
-80.80421949524097,31.713889035525437,1769146179
-80.80407944469626,31.713940441808933,1769146252
-80.80308705595006,31.714304703278444,1769146343
-80.8028240630676,31.71440123618875,1769146959
-80.80186620076883,31.714752824545503,1769147050
-80.8016071537661,31.714847909100065,1769147644
-80.80066546957414,31.71519355919827,1769147735
-80.8004087900992,31.71528777473939,1769148319
-80.7994633573215,31.715634800775547,1769148410
-80.79920588867066,31.71572930598781,1769148996
-80.79835306568968,31.716042339114672,1769149087
-80.79810074641183,31.716134954222692,1769149634
-80.79716113380671,31.716479843934128,1769149707
-80.79693118766683,31.716564246865087,1769150293
-80.79632993424653,31.71678494007151,1769150366
-80.79579191354853,31.716982423377146,1769150930
-80.79502169576564,31.717265135834854,1769151020
-80.79468144435212,31.71739002689228,1769151560
-80.79383990658708,31.717698917721712,1769151632
-80.79352579483304,31.71781421408068,1769152211
-80.7927981028719,31.718081317213535,1769152283
-80.79240575687834,31.718225329858488,1769152826
-80.79149800725186,31.718558524097293,1769152917
-80.79119259616256,31.718670626831845,1769153517
-80.79034502120159,31.718981733645567,1769153590
-80.79006012868678,31.719086304930254,1769154158
-80.78921178248568,31.71939769483168,1769154249
-80.78892657609407,31.71950238132649,1769154801
-80.7881287192174,31.719795238857834,1769154873
-80.78782597159692,31.71990636395226,1769155420
-80.78696182394118,31.720223553860098,1769155493
-80.78674046008963,31.72030480661731,1769156032
-80.78588430284029,31.72061906360478,1769156105
-80.7856718172181,31.720697057561562,1769156634
-80.78481427891087,31.721011821473535,1769156706
-80.78460352947575,31.7210891781538,1769157241
-80.78360703701465,31.72145494591328,1769157788
-80.78349369162008,31.721496549932017,1769157861
-80.78276908013547,31.721762522359878,1769157933
-80.78242386498464,31.72188923538299,1769158463
-80.78293279848404,31.71990317655579,1769160534
-80.7830372189929,31.719970340858396,1769160606
-80.78400496427365,31.720592804180946,1769161136
-80.78411862875971,31.720665914300998,1769161209
-80.78489927458601,31.72116803340656,1769161281
-80.78519719161879,31.721359656584436,1769161815
-80.78594245598943,31.72183901798826,1769161888
-80.78628376140588,31.722058549003044,1769162431
-80.78706363619466,31.722560172169654,1769162485
-80.78736380702941,31.722753245015213,1769163032
-80.78807983398107,31.7232138006224,1769163105
-80.7884198318689,31.723432490621832,1769163626
-80.78901376799594,31.7238145162048,1769163699
-80.78945707502535,31.72409965566445,1769164206
-80.79025679908753,31.724614046079758,1769164279
-80.79044380533965,31.724734330348088,1769164769
-80.79129550523827,31.725282152134728,1769164824
-80.79152207164582,31.72542788188577,1769165367
-80.79380638007541,31.726154753683296,1769166156
-80.79543094482308,31.72714225674304,1769166895
-80.79696785657035,31.72817778422274,1769166967
-80.79734996684068,31.728435239269142,1769167488
-80.79894496875,31.72950990625001,1769167561
-80.79938765978669,31.729808178895976,1769168103
-80.80103361299626,31.730917175415705,1769168194
-80.80146361878522,31.73120690110209,1769168755
-80.80300565231795,31.732245879495363,1769168828
-80.8035849225431,31.732636175319026,1769169410
-80.8052152820798,31.73373466526489,1769169483
-80.8056773985241,31.73404602619876,1769170050
-80.80734489562388,31.735169538379736,1769170141
-80.80775728158837,31.735447392328883,1769170709
-80.80933072002215,31.736507530452432,1769170781
-80.81005009010055,31.73699222157773,1769171403
-80.81192189509217,31.738253390612915,1769171494
-80.8123606723221,31.7385490262471,1769172133
-80.81361344953596,31.739393111948957,1769172206
-80.81422062817416,31.7398022116686,1769172704
-80.8190058440367,31.7420992190367,1769174214
-80.82025281651376,31.743098420680425,1769174287
-80.82065942201834,31.74342423451835,1769174778
-80.82242448124097,31.744376555555554,1769175200
-80.82360755288789,31.745396881578948,1769175886
-80.82483979678742,31.746536168421056,1769175959
-80.82513962556389,31.746813378947365,1769176475
-80.82701087748497,31.747918361534907,1769176979
-80.82814948925103,31.74898267909154,1769177670
-80.82906938580675,31.74992603432732,1769177743
-80.82939410263523,31.75025903190014,1769178184
-80.83123919054498,31.751491518417595,1769178752
-80.83206730495368,31.752409984679364,1769179387
-80.83284678951317,31.753407070725075,1769179460
-80.83308936550668,31.753717364412346,1769179940
-80.83465411027628,31.754987077641164,1769180603
-80.8351500068306,31.7558123647541,1769181233
-80.83556075887978,31.75667820989461,1769181306
-80.83569610628415,31.756963515573773,1769181742
-80.8374597266187,31.758254800959232,1769183611
-80.8377474147079,31.758953539168647,1769184169
-80.83764304455107,31.759534627141875,1769184797
-80.83750230157644,31.76021462988348,1769184852
-80.8374530699109,31.760452493745717,1769185293
